{"cameraMode":{"drawMode":0,"name":"Shaded","section":"Shading Mode"},"sceneLighting":false,"audioPlay":false,"sceneViewState":{"showFog":true,"showMaterialUpdate":false,"showSkybox":false,"showFlares":true,"showImageEffects":true,"showParticleSystems":true},"in2DMode":false,"pivot":{"x":-43.48057556152344,"y":-12.907857894897461,"z":68.03311157226563},"rotation":{"x":0.1615096479654312,"y":-0.42448240518569949,"z":0.0772429034113884,"w":0.8875626921653748},"size":243.37405395507813,"orthographic":true}