{"cameraMode":{"drawMode":0,"name":"Shaded","section":"Shading Mode"},"sceneLighting":false,"audioPlay":false,"sceneViewState":{"showFog":true,"showMaterialUpdate":false,"showSkybox":false,"showFlares":true,"showImageEffects":true,"showParticleSystems":true},"in2DMode":false,"pivot":{"x":-4.972484588623047,"y":1.4707188606262208,"z":-17.225322723388673},"rotation":{"x":0.13130523264408112,"y":-0.2175959348678589,"z":0.02955525927245617,"w":0.9667147994041443},"size":3.7104387283325197,"orthographic":true}