{"cameraMode":{"drawMode":0,"name":"Shaded","section":"Shading Mode"},"sceneLighting":false,"audioPlay":false,"sceneViewState":{"showFog":true,"showMaterialUpdate":false,"showSkybox":false,"showFlares":true,"showImageEffects":true,"showParticleSystems":true},"in2DMode":false,"pivot":{"x":14.59000015258789,"y":1.870081901550293,"z":-3.5500001907348635},"rotation":{"x":-0.1838555783033371,"y":-0.1619597226381302,"z":-0.03071783296763897,"w":0.9690392017364502},"size":2.600064754486084,"orthographic":true}