{"cameraMode":{"drawMode":0,"name":"Shaded","section":"Shading Mode"},"sceneLighting":false,"audioPlay":false,"sceneViewState":{"showFog":true,"showMaterialUpdate":false,"showSkybox":false,"showFlares":true,"showImageEffects":true,"showParticleSystems":true},"in2DMode":false,"pivot":{"x":2.564422607421875,"y":4.206298828125,"z":-1.0712890625},"rotation":{"x":0.2342078685760498,"y":-0.2453090250492096,"z":0.061202339828014377,"w":0.9387394785881043},"size":2.040543556213379,"orthographic":true}