{"cameraMode":{"drawMode":0,"name":"Shaded","section":"Shading Mode"},"sceneLighting":false,"audioPlay":false,"sceneViewState":{"showFog":true,"showMaterialUpdate":false,"showSkybox":false,"showFlares":true,"showImageEffects":true,"showParticleSystems":true},"in2DMode":false,"pivot":{"x":34.54790115356445,"y":20.89999771118164,"z":111.97373962402344},"rotation":{"x":0.1615096479654312,"y":-0.42448240518569949,"z":0.0772429034113884,"w":0.8875626921653748},"size":466.3239440917969,"orthographic":true}