{"cameraMode":{"drawMode":0,"name":"Shaded","section":"Shading Mode"},"sceneLighting":false,"audioPlay":false,"sceneViewState":{"showFog":true,"showMaterialUpdate":false,"showSkybox":false,"showFlares":true,"showImageEffects":true,"showParticleSystems":true},"in2DMode":false,"pivot":{"x":2.9966185092926027,"y":3.0282230377197267,"z":-0.8922397494316101},"rotation":{"x":0.1615096479654312,"y":-0.42448240518569949,"z":0.0772429034113884,"w":0.8875626921653748},"size":22.0,"orthographic":true}