{"cameraMode":{"drawMode":0,"name":"Shaded","section":"Shading Mode"},"sceneLighting":false,"audioPlay":false,"sceneViewState":{"showFog":true,"showMaterialUpdate":false,"showSkybox":false,"showFlares":true,"showImageEffects":true,"showParticleSystems":true},"in2DMode":false,"pivot":{"x":-0.03987842798233032,"y":-0.0655968189239502,"z":-0.00000476837158203125},"rotation":{"x":-0.07240241765975952,"y":0.25703173875808718,"z":-0.019301122054457666,"w":-0.9635050296783447},"size":6.26315450668335,"orthographic":true}