{"cameraMode":{"drawMode":0,"name":"Shaded","section":"Shading Mode"},"sceneLighting":false,"audioPlay":false,"sceneViewState":{"showFog":true,"showMaterialUpdate":false,"showSkybox":false,"showFlares":true,"showImageEffects":true,"showParticleSystems":true},"in2DMode":false,"pivot":{"x":3.073883533477783,"y":0.0,"z":-1.9013168811798096},"rotation":{"x":-0.07240241765975952,"y":0.25703173875808718,"z":-0.019301122054457666,"w":-0.9635050296783447},"size":0.00005720943954656832,"orthographic":true}