{"cameraMode":{"drawMode":0,"name":"Shaded","section":"Shading Mode"},"sceneLighting":false,"audioPlay":false,"sceneViewState":{"showFog":true,"showMaterialUpdate":false,"showSkybox":false,"showFlares":true,"showImageEffects":true,"showParticleSystems":true},"in2DMode":false,"pivot":{"x":0.34570860862731936,"y":16.030000686645509,"z":-18.351022720336915},"rotation":{"x":-0.1838555783033371,"y":-0.1619597226381302,"z":-0.03071783296763897,"w":0.9690392017364502},"size":4.666904449462891,"orthographic":true}