{"cameraMode":{"drawMode":0,"name":"Shaded","section":"Shading Mode"},"sceneLighting":false,"audioPlay":false,"sceneViewState":{"showFog":true,"showMaterialUpdate":false,"showSkybox":false,"showFlares":true,"showImageEffects":true,"showParticleSystems":true},"in2DMode":false,"pivot":{"x":216.21463012695313,"y":73.81968688964844,"z":167.61227416992188},"rotation":{"x":0.3416213095188141,"y":-0.5900932550430298,"z":0.3027239739894867,"w":0.6659187078475952},"size":582.6195678710938,"orthographic":true}