{"cameraMode":{"drawMode":0,"name":"Shaded","section":"Shading Mode"},"sceneLighting":false,"audioPlay":false,"sceneViewState":{"showFog":true,"showMaterialUpdate":false,"showSkybox":false,"showFlares":true,"showImageEffects":true,"showParticleSystems":true},"in2DMode":false,"pivot":{"x":2.564422607421875,"y":4.206298828125,"z":-1.0712890625},"rotation":{"x":0.2332635074853897,"y":-0.25936201214790347,"z":0.06470844149589539,"w":0.9349543452262878},"size":2.386784315109253,"orthographic":true}