{"cameraMode":{"drawMode":0,"name":"Shaded","section":"Shading Mode"},"sceneLighting":false,"audioPlay":false,"sceneViewState":{"showFog":true,"showMaterialUpdate":false,"showSkybox":false,"showFlares":true,"showImageEffects":true,"showParticleSystems":true},"in2DMode":false,"pivot":{"x":190.77371215820313,"y":-12.907857894897461,"z":119.4781723022461},"rotation":{"x":0.23771512508392335,"y":-0.6906933784484863,"z":0.25997966527938845,"w":0.6315450668334961},"size":465.44879150390627,"orthographic":true}