{"cameraMode":{"drawMode":0,"name":"Shaded","section":"Shading Mode"},"sceneLighting":false,"audioPlay":false,"sceneViewState":{"showFog":true,"showMaterialUpdate":false,"showSkybox":false,"showFlares":true,"showImageEffects":true,"showParticleSystems":true},"in2DMode":false,"pivot":{"x":-0.9100000858306885,"y":2.880000114440918,"z":-8.649999618530274},"rotation":{"x":-0.5579215288162231,"y":-0.08553149551153183,"z":-0.05795196443796158,"w":0.8234381079673767},"size":2.8578836917877199,"orthographic":true}