{"cameraMode":{"drawMode":0,"name":"Shaded","section":"Shading Mode"},"sceneLighting":false,"audioPlay":false,"sceneViewState":{"showFog":true,"showMaterialUpdate":false,"showSkybox":false,"showFlares":true,"showImageEffects":true,"showParticleSystems":true},"in2DMode":false,"pivot":{"x":-0.004784315824508667,"y":0.02426251769065857,"z":-1.49908447265625},"rotation":{"x":-0.04486173391342163,"y":-0.07395953685045243,"z":-0.0033223845530301334,"w":0.9962527751922607},"size":1.7534464597702027,"orthographic":true}