{"cameraMode":{"drawMode":0,"name":"Shaded","section":"Shading Mode"},"sceneLighting":false,"audioPlay":false,"sceneViewState":{"showFog":true,"showMaterialUpdate":false,"showSkybox":false,"showFlares":true,"showImageEffects":true,"showParticleSystems":true},"in2DMode":false,"pivot":{"x":-0.08935546875,"y":0.188720703125,"z":0.275146484375},"rotation":{"x":-0.9253209233283997,"y":0.051700759679079059,"z":-0.3498789370059967,"w":-0.13673052191734315},"size":2.8578836917877199,"orthographic":true}