{"cameraMode":{"drawMode":0,"name":"Shaded","section":"Shading Mode"},"sceneLighting":false,"audioPlay":false,"sceneViewState":{"showFog":true,"showMaterialUpdate":false,"showSkybox":false,"showFlares":true,"showImageEffects":true,"showParticleSystems":true},"in2DMode":false,"pivot":{"x":-10.949748992919922,"y":-2.3276538848876955,"z":-4.397247314453125},"rotation":{"x":0.1664392352104187,"y":-0.3212129771709442,"z":0.0574558824300766,"w":0.9304938316345215},"size":57.75709915161133,"orthographic":false}