{"cameraMode":{"drawMode":0,"name":"Shaded","section":"Shading Mode"},"sceneLighting":false,"audioPlay":false,"sceneViewState":{"showFog":true,"showMaterialUpdate":false,"showSkybox":false,"showFlares":true,"showImageEffects":true,"showParticleSystems":true},"in2DMode":false,"pivot":{"x":5.496307849884033,"y":-2.1755313873291017,"z":-1.059999942779541},"rotation":{"x":0.10073734074831009,"y":0.8042283058166504,"z":-0.14260931313037873,"w":0.5680966377258301},"size":77.20691680908203,"orthographic":true}