{"cameraMode":{"drawMode":0,"name":"Shaded","section":"Shading Mode"},"sceneLighting":false,"audioPlay":false,"sceneViewState":{"showFog":true,"showMaterialUpdate":false,"showSkybox":false,"showFlares":true,"showImageEffects":true,"showParticleSystems":true},"in2DMode":false,"pivot":{"x":-269.3056640625,"y":61.609127044677737,"z":322.5682373046875},"rotation":{"x":0.12654294073581696,"y":-0.8725904226303101,"z":0.31210848689079287,"w":0.3537905812263489},"size":343.74395751953127,"orthographic":true}