{"cameraMode":{"drawMode":0,"name":"Shaded","section":"Shading Mode"},"sceneLighting":false,"audioPlay":false,"sceneViewState":{"showFog":true,"showMaterialUpdate":false,"showSkybox":false,"showFlares":true,"showImageEffects":true,"showParticleSystems":true},"in2DMode":false,"pivot":{"x":0.8253173828125,"y":-0.12327165901660919,"z":0.1617978811264038},"rotation":{"x":0.10073734074831009,"y":0.8042283058166504,"z":-0.14260931313037873,"w":0.5680966377258301},"size":1.1186212301254273,"orthographic":true}