{"cameraMode":{"drawMode":0,"name":"Shaded","section":"Shading Mode"},"sceneLighting":true,"audioPlay":false,"sceneViewState":{"showFog":true,"showMaterialUpdate":false,"showSkybox":true,"showFlares":true,"showImageEffects":true,"showParticleSystems":true},"in2DMode":false,"pivot":{"x":-4.972484588623047,"y":1.4707188606262208,"z":-17.225322723388673},"rotation":{"x":0.05587559938430786,"y":-0.922843873500824,"z":0.14656223356723786,"w":0.35180601477622988},"size":18.508840560913087,"orthographic":false}