{"cameraMode":{"drawMode":0,"name":"Shaded","section":"Shading Mode"},"sceneLighting":false,"audioPlay":false,"sceneViewState":{"showFog":true,"showMaterialUpdate":false,"showSkybox":false,"showFlares":true,"showImageEffects":true,"showParticleSystems":true},"in2DMode":false,"pivot":{"x":-4.2049214243888857e-7,"y":0.001045354176312685,"z":-0.5999997854232788},"rotation":{"x":0.1615096479654312,"y":-0.42448240518569949,"z":0.0772429034113884,"w":0.8875626921653748},"size":22.0,"orthographic":true}