{"cameraMode":{"drawMode":0,"name":"Shaded","section":"Shading Mode"},"sceneLighting":false,"audioPlay":false,"sceneViewState":{"showFog":true,"showMaterialUpdate":false,"showSkybox":false,"showFlares":true,"showImageEffects":true,"showParticleSystems":true},"in2DMode":false,"pivot":{"x":221.40164184570313,"y":22.59124755859375,"z":110.17184448242188},"rotation":{"x":0.1615096479654312,"y":-0.42448240518569949,"z":0.0772429034113884,"w":0.8875626921653748},"size":399.9617614746094,"orthographic":true}