{"cameraMode":{"drawMode":0,"name":"Shaded","section":"Shading Mode"},"sceneLighting":false,"audioPlay":false,"sceneViewState":{"showFog":true,"showMaterialUpdate":false,"showSkybox":true,"showFlares":true,"showImageEffects":true,"showParticleSystems":true},"in2DMode":false,"pivot":{"x":337.7010498046875,"y":203.42901611328126,"z":0.0},"rotation":{"x":0.041391097009181979,"y":0.01648508384823799,"z":0.0006817108951508999,"w":-0.9990089535713196},"size":495.5952453613281,"orthographic":true}