{"cameraMode":{"drawMode":0,"name":"Shaded","section":"Shading Mode"},"sceneLighting":false,"audioPlay":false,"sceneViewState":{"showFog":true,"showMaterialUpdate":false,"showSkybox":false,"showFlares":true,"showImageEffects":true,"showParticleSystems":true},"in2DMode":false,"pivot":{"x":1.3388547897338868,"y":26.281307220458986,"z":-41.88467025756836},"rotation":{"x":-0.1838555783033371,"y":-0.1619597226381302,"z":-0.03071783296763897,"w":0.9690392017364502},"size":1.5300590991973878,"orthographic":true}