{"cameraMode":{"drawMode":0,"name":"Shaded","section":"Shading Mode"},"sceneLighting":false,"audioPlay":false,"sceneViewState":{"showFog":true,"showMaterialUpdate":false,"showSkybox":false,"showFlares":true,"showImageEffects":true,"showParticleSystems":true},"in2DMode":false,"pivot":{"x":0.0774688869714737,"y":0.015300627797842026,"z":-0.11314935982227326},"rotation":{"x":0.01797410659492016,"y":0.05246761441230774,"z":-0.0009437043336220086,"w":0.998461902141571},"size":0.023324841633439065,"orthographic":true}