{"cameraMode":{"drawMode":0,"name":"Shaded","section":"Shading Mode"},"sceneLighting":false,"audioPlay":false,"sceneViewState":{"showFog":true,"showMaterialUpdate":false,"showSkybox":false,"showFlares":true,"showImageEffects":true,"showParticleSystems":true},"in2DMode":false,"pivot":{"x":-3.4099998474121095,"y":1.870081901550293,"z":-2.549999237060547},"rotation":{"x":-0.1838555783033371,"y":-0.1619597226381302,"z":-0.03071783296763897,"w":0.9690392017364502},"size":4.666904449462891,"orthographic":true}