{"cameraMode":{"drawMode":0,"name":"Shaded","section":"Shading Mode"},"sceneLighting":true,"audioPlay":false,"sceneViewState":{"showFog":true,"showMaterialUpdate":false,"showSkybox":false,"showFlares":true,"showImageEffects":true,"showParticleSystems":true},"in2DMode":false,"pivot":{"x":-1.221449851989746,"y":-0.3611975610256195,"z":0.9441344141960144},"rotation":{"x":0.10465297102928162,"y":-0.482065349817276,"z":0.05812743678689003,"w":0.8679187893867493},"size":3.4276680946350099,"orthographic":false}