{"cameraMode":{"drawMode":0,"name":"Shaded","section":"Shading Mode"},"sceneLighting":false,"audioPlay":false,"sceneViewState":{"showFog":true,"showMaterialUpdate":false,"showSkybox":false,"showFlares":true,"showImageEffects":true,"showParticleSystems":true},"in2DMode":false,"pivot":{"x":-2.4249987602233888,"y":-1.2749278545379639,"z":2.7789382934570314},"rotation":{"x":0.1664392352104187,"y":-0.3212129771709442,"z":0.0574558824300766,"w":0.9304938316345215},"size":4.6620283126831059,"orthographic":false}