{"cameraMode":{"drawMode":0,"name":"Shaded","section":"Shading Mode"},"sceneLighting":false,"audioPlay":false,"sceneViewState":{"showFog":true,"showMaterialUpdate":false,"showSkybox":false,"showFlares":true,"showImageEffects":true,"showParticleSystems":true},"in2DMode":false,"pivot":{"x":0.0,"y":-1.4288854598999024,"z":1.2613998651504517},"rotation":{"x":0.2102995216846466,"y":-0.18840184807777406,"z":0.04135240986943245,"w":0.9584284424781799},"size":9.587251663208008,"orthographic":true}